{"cameraMode":{"drawMode":0,"name":"Shaded","section":"Shading Mode"},"sceneLighting":false,"audioPlay":false,"sceneViewState":{"m_AlwaysRefresh":false,"showFog":true,"showSkybox":true,"showFlares":true,"showImageEffects":true,"showParticleSystems":true,"showVisualEffectGraphs":true,"m_FxEnabled":true},"in2DMode":false,"pivot":{"x":5.756994247436523,"y":6.800000190734863,"z":-2.5299997329711916},"rotation":{"x":-0.05277873948216438,"y":-0.015879560261964799,"z":0.0008383004460483789,"w":-0.9984825849533081},"size":7.2472686767578129,"orthographic":false}